<?xml version="1.0" ?>
<manifest identifier="Au5C-ABboR1TrPrPJDYi0D5tl1g_JNiwiURCJiJq" version="1"
  xmlns="http://www.imsproject.org/xsd/imscp_rootv1p1p2"
  xmlns:adlcp="http://www.adlnet.org/xsd/adlcp_rootv1p2"
  xmlns:xsi="http://www.w3.org/2001/XMLSchema-instance"
  xsi:schemaLocation="http://www.imsproject.org/xsd/imscp_rootv1p1p2 imscp_rootv1p1p2.xsd
                      http://www.adlnet.org/xsd/adlcp_rootv1p2 adlcp_rootv1p2.xsd">
  <metadata>
    <schema>ADL SCORM</schema>
    <schemaversion>1.2</schemaversion>
    <adlcp:location>metadata.xml</adlcp:location>
  </metadata>
  <organizations default="articulate_rise">
      <organization identifier="articulate_rise">
      <title>Formstack Benefits for Canadian Employees</title>
      <item identifier="i1" identifierref="r1" isvisible="true">
        <title>Formstack Benefits for Canadian Employees</title>
        <adlcp:datafromlms>eyJjcHYiOiJpVVJDSmlKcSIsInJsZCI6ZmFsc2V9</adlcp:datafromlms>
      </item>
    </organization>
  </organizations>
  <resources>
    <resource identifier="r1" type="webcontent" adlcp:scormtype="sco" href="scormdriver/indexAPI.html">
      <!-- SCORMDRIVER STUFF -->
      <file href="scormdriver/indexAPI.html" />
      <file href="scormdriver/preloadIntegrity.js" />
      <file href="scormdriver/driverOptions.js" />
      <file href="scormdriver/AICCComm.html" />
      <file href="scormdriver/auto-scripts/AutoBookmark.js" />
      <file href="scormdriver/auto-scripts/AutoCompleteSCO.js" />
      <file href="scormdriver/auto-scripts/CourseExit.js" />
      <file href="scormdriver/blank.html" />
      <file href="scormdriver/goodbye.html" />
      <file href="scormdriver/scormdriver.js" />
      <file href="scormdriver/browsersniff.js" />

      <!-- RUNTIME COMMON STUFF -->
      <file href="scormcontent/index.html" />
      <file href="scormcontent/lib/main.bundle.js"/>

      
        <file href="scormcontent/lib/fonts/icomoon.ttf"/>
        <file href="scormcontent/lib/fonts/icomoon.woff"/>

        <file href="scormcontent/lib/icomoon.css"/>
        <file href="scormcontent/lib/main.bundle.css"/>
        <file href="scormcontent/lib/player-0.0.11.min.js"/>
        <file href="scormcontent/lib/lzwcompress.js"/>
      

      <!-- RUNTIME CONTENT STUFF -->
      <file href="scormcontent/lib/fonts/IR7EY2UpweVn7rxe-fira-sans-v-9-latin-700.woff" />
<file href="scormcontent/lib/fonts/8R21lc4WNa6iF0CS-fira-sans-v-9-latin-italic.woff" />
<file href="scormcontent/lib/fonts/jRkdsYbSAfUn4pj1-fira-sans-v-9-latin-regular.woff" />
<file href="scormcontent/lib/fonts/Lato-Black.woff" />
<file href="scormcontent/lib/fonts/Lato-Italic.woff" />
<file href="scormcontent/lib/fonts/Lato-Bold.woff" />
<file href="scormcontent/lib/fonts/Lato-Regular.woff" />
<file href="scormcontent/lib/fonts/Lato-Light.woff" />
<file href="scormcontent/assets/taeRfy_ZP5J9cTO1_small.png" />
<file href="scormcontent/assets/lPr-MdAMAAmU8iPW_RhDbP9axOlV9Fo28.jpg" />
<file href="scormcontent/assets/LukhsIGLQEH0x6iz_YqChYEpwjJBsvSm_.jpg" />
<file href="scormcontent/assets/vsWsrdF-d0v8v6XE_kkSMWrcWc3fTzPlr.png" />
<file href="scormcontent/assets/oAp93XrH4MpD_yEM_AD4iCAopCSEv5S5I.png" />
<file href="scormcontent/assets/uDbNFH51YIJ1XLa6_g7CRLicqzm5P5Nzh.png" />
<file href="scormcontent/assets/MuzdCR3ow_D4DRfV_JFRHoFnDwOUbp06Q.jpg" />
<file href="scormcontent/assets/e-X2pTt0MKpgLLDV_dO6ue0m7xcvzZnUf.jpg" />
<file href="scormcontent/assets/d0oqnkq6qhrv_9id_9HOuBMXExb_f6foq.jpg" />
<file href="scormcontent/assets/OiOX1SCwKIQ0zgSh_uSfY2XQBKv3X6gj2.jpg" />
<file href="scormcontent/assets/6EvPbdzww_Xo7OuB_CGxu7iX2LO1kzuU_.jpg" />
<file href="scormcontent/assets/HT2gskdtGMfWVW14_j7R16D1F7RnMpBl9.png" />
<file href="scormcontent/assets/4MoWTuiJGvlJTxkp_zGqoptkiiZlrmmwz.gif" />
<file href="scormcontent/assets/TDDA6P5H9cqYwQlD_7UlWIRQxWFZzB_Ca.jpg" />
<file href="scormcontent/assets/kv6uQdYdI_c6oWUk_dwVtgpThdsyMk31D.jpg" />
<file href="scormcontent/assets/pFaOBBd2r9-K_wDA_qY9GZDF7H2uOk_wc.png" />
<file href="scormcontent/assets/PPvMr8JOa0BSvnwM_8keTFZ_jgdi4gyXy.jpg" />
<file href="scormcontent/assets/x9oxZIMHVQKKwQ_k_kS2_wv7Su-xZJYj6.jpg" />
<file href="scormcontent/assets/aOUNzgf38naRSMCL_Nxl-FYpqEPzVNhHt.jpg" />
<file href="scormcontent/assets/TTnM6ZDaHiaK8iaw_j-W9CdR8DrZjhM75.png" />
<file href="scormcontent/assets/P-m-CJsw5H08L1pB_nymPsEId5VzdRqXz.jpg" />
<file href="scormcontent/assets/YZZKHN_aGP3GaxJD_Y6HkfRXAiMzECU3t.png" />
<file href="scormcontent/assets/C5PDhjhf8QmBEd_T_-Atz4-OwiiH1oDBD.jpg" />
<file href="scormcontent/assets/zvlwyBEtK8dBcZTN_Eass1OwLuZLdAwSG.jpg" />
<file href="scormcontent/assets/QyHLT0Bp_WUPmQnM_7gjlVg-DXANhP5iE.jpg" />
<file href="scormcontent/assets/TOar8MCCu-3WpaNr_16_nature.jpg" />
<file href="scormcontent/assets/8WV-vBnrlfLeanAg_example-header-image.jpg" />

    </resource>
  </resources>
</manifest>
